id,first_name,last_name,email
1,Bonnie,Dunn,bdunn@fliptune.name
2,Andrew,Owens,aowens@vidoo.edu
3,Walter,Oliver,woliver@skyble.biz
4,Jeffrey,Ferguson,jferguson@babblestorm.edu
5,Frances,Cook,fcook@browsezoom.edu
6,Gerald,Gordon,ggordon@kwideo.biz
7,Scott,Anderson,sanderson@jetpulse.net
8,Shirley,Fisher,sfisher@livetube.edu
9,Brandon,Wilson,bwilson@tazzy.info
10,Helen,Bell,hbell@ailane.gov
11,Ernest,Bell,ebell@quinu.gov
12,Matthew,Johnston,mjohnston@babbleset.gov
13,Dorothy,Daniels,ddaniels@leexo.biz
14,Carlos,Bennett,cbennett@mydeo.net
15,Virginia,Harris,vharris@feedspan.org
16,Kimberly,Perry,kperry@feedmix.info
17,Maria,Anderson,manderson@zoonder.gov
18,Cheryl,Kelley,ckelley@npath.gov
19,Nicholas,Green,ngreen@kazu.name
20,Joe,Ramirez,jramirez@buzzbean.gov
21,Theresa,Cook,tcook@voolia.name
22,Harold,Mccoy,hmccoy@jaloo.info
23,Marilyn,Ramos,mramos@tanoodle.info
24,Linda,Williamson,lwilliamson@wikizz.edu
25,Katherine,Dunn,kdunn@viva.gov
26,Daniel,Fisher,dfisher@jetwire.net
27,Jeremy,Baker,jbaker@janyx.name
28,Janet,Lopez,jlopez@fiveclub.gov
29,Cheryl,Hanson,chanson@ozu.edu
30,Harry,Butler,hbutler@oyope.mil
31,Joyce,Roberts,jroberts@voomm.mil
32,Anthony,Stewart,astewart@tanoodle.name
33,Karen,Ramirez,kramirez@cogibox.mil
34,Ashley,Moreno,amoreno@twinder.gov
35,Carol,Cooper,ccooper@voolith.mil
36,Earl,Bishop,ebishop@twimm.biz
37,Donald,Mason,dmason@skiptube.org
38,Dennis,Robertson,drobertson@blogtags.name
39,Christina,Fisher,cfisher@rhynyx.gov
40,Mark,Mcdonald,mmcdonald@realfire.info
41,Joshua,Diaz,jdiaz@eayo.info
42,Clarence,Rose,crose@photobean.gov
43,Henry,Wilson,hwilson@yodo.com
44,Daniel,Fox,dfox@jaloo.org
45,Kelly,Morris,kmorris@voonix.edu
46,Carolyn,Scott,cscott@feedmix.mil
47,Paul,Castillo,pcastillo@zoomcast.org
48,Michelle,Morrison,mmorrison@zoozzy.org
49,Todd,Morrison,tmorrison@geba.info
50,Robin,Henry,rhenry@einti.info
51,Rachel,Anderson,randerson@avamm.edu
52,Brian,Stewart,bstewart@twimbo.net
53,Gary,Evans,gevans@twitterworks.edu
54,Joyce,Reed,jreed@skinte.gov
55,Arthur,Sims,asims@topiczoom.net
56,Ryan,Hunt,rhunt@trudoo.com
57,Chris,Jordan,cjordan@meembee.name
58,Helen,Stevens,hstevens@skaboo.net
59,Donald,Hill,dhill@voonte.biz
60,Heather,Stevens,hstevens@pixonyx.gov
61,Clarence,Thompson,cthompson@leexo.net
62,Jeffrey,Palmer,jpalmer@reallinks.biz
63,Lori,Gordon,lgordon@twinder.gov
64,Ronald,Anderson,randerson@trunyx.net
65,Joan,Chavez,jchavez@blogspan.biz
66,Raymond,Mcdonald,rmcdonald@tazz.com
67,Betty,Sanchez,bsanchez@rhynoodle.org
68,Helen,Rose,hrose@roodel.mil
69,Jeffrey,Henderson,jhenderson@realbridge.edu
70,Janet,Jenkins,jjenkins@topicblab.net
71,Nancy,Williamson,nwilliamson@meeveo.mil
72,Gregory,Rodriguez,grodriguez@quamba.name
73,Juan,Gutierrez,jgutierrez@wikizz.net
74,Louise,Carroll,lcarroll@trunyx.biz
75,Roy,Cox,rcox@trilith.biz
76,Justin,Carroll,jcarroll@jaxnation.info
77,Earl,Weaver,eweaver@jamia.name
78,Jonathan,Allen,jallen@jazzy.edu
79,Ashley,Ruiz,aruiz@riffpedia.net
80,Kelly,Watson,kwatson@gigashots.info
81,Michael,Hunt,mhunt@skimia.edu
82,Julia,Hill,jhill@zooxo.biz
83,Nicole,Gray,ngray@skinix.biz
84,James,Shaw,jshaw@dabjam.com
85,Michelle,Watson,mwatson@jaxbean.net
86,Patricia,Morgan,pmorgan@devshare.gov
87,Jessica,Cole,jcole@bubblemix.edu
88,Andrew,Harper,aharper@bubbletube.net
89,Carl,Garza,cgarza@skimia.name
90,Denise,Fox,dfox@skyba.com
91,Lori,Wood,lwood@blognation.name
92,Alan,Greene,agreene@latz.info
93,David,Cox,dcox@yodoo.biz
94,John,Fernandez,jfernandez@eamia.org
95,Susan,Wells,swells@skalith.mil
96,Brenda,Ramos,bramos@mudo.com
97,Martha,Perez,mperez@edgetag.gov
98,Kenneth,Allen,kallen@mynte.info
99,Jessica,Fernandez,jfernandez@roodel.org
100,Louise,Ramos,lramos@kamba.biz
101,Jennifer,Spencer,jspencer@yata.info
102,Fred,Burns,fburns@camimbo.edu
103,Harold,Harper,hharper@meeveo.org
104,Tammy,Castillo,tcastillo@bubblebox.net
105,Lisa,Porter,lporter@shuffledrive.info
106,Jane,Armstrong,jarmstrong@devify.biz
107,Patricia,Foster,pfoster@thoughtworks.name
108,Tina,Reyes,treyes@yacero.info
109,Marilyn,Ford,mford@trilith.org
110,Larry,Cruz,lcruz@camido.org
111,Randy,Chapman,rchapman@ozu.com
112,Carolyn,Baker,cbaker@meezzy.org
113,Phyllis,Price,pprice@voomm.edu
114,Cheryl,Hall,chall@gigaclub.com
115,John,Ford,jford@jabbertype.edu
116,Barbara,Miller,bmiller@gabvine.name
117,Jimmy,Berry,jberry@brainsphere.org
118,Cynthia,Frazier,cfrazier@jazzy.biz
119,Matthew,Lane,mlane@jaxspan.biz
120,Alan,Payne,apayne@yombu.name
121,Stephen,Knight,sknight@divanoodle.net
122,Lawrence,Black,lblack@skiba.biz
123,Jason,Nichols,jnichols@zoonder.com
124,Jack,Garza,jgarza@youspan.info
125,Craig,Perry,cperry@camido.name
126,Steven,Murphy,smurphy@skipstorm.name
127,Gregory,Montgomery,gmontgomery@snaptags.net
128,Philip,Edwards,pedwards@pixope.mil
129,Roy,Harris,rharris@npath.info
130,Bobby,Anderson,banderson@zava.org
131,Martin,Gray,mgray@oyope.name
132,Denise,Lee,dlee@ailane.mil
133,Robert,Ward,rward@fliptune.name
134,Sara,Gutierrez,sgutierrez@wikizz.name
135,Doris,Lee,dlee@skivee.edu
136,Heather,Anderson,handerson@roombo.biz
137,Thomas,Bradley,tbradley@linkbuzz.biz
138,Shawn,Perez,sperez@jaxbean.biz
139,Carolyn,Allen,callen@tagpad.gov
140,Frank,Phillips,fphillips@flipopia.edu
141,Kelly,Cook,kcook@feedfish.info
142,Patricia,Shaw,pshaw@brainfire.biz
143,Albert,Jacobs,ajacobs@devbug.gov
144,Todd,Ferguson,tferguson@zoombox.name
145,Timothy,Chavez,tchavez@jaloo.info
146,Robin,Alvarez,ralvarez@youbridge.name
147,Scott,Ray,sray@devcast.biz
148,Martha,Graham,mgraham@feedfire.com
149,Douglas,Dean,ddean@zazio.mil
150,Eric,Morrison,emorrison@skinix.edu
151,Richard,Ellis,rellis@eare.info
152,Jesse,Franklin,jfranklin@meejo.info
153,Gregory,Nelson,gnelson@agivu.net
154,Dorothy,Gonzalez,dgonzalez@gigazoom.org
155,Julie,Burns,jburns@quinu.org
156,Joan,Brown,jbrown@blogspan.biz
157,Susan,Knight,sknight@realcube.edu
158,Brenda,Kim,bkim@eazzy.com
159,Catherine,Wilson,cwilson@tambee.biz
160,Todd,Black,tblack@wikido.gov
161,Victor,Gardner,vgardner@feedfish.biz
162,Emily,Tucker,etucker@youspan.info
163,Donna,Hicks,dhicks@miboo.biz
164,Jose,Tucker,jtucker@mycat.edu
165,Tina,Palmer,tpalmer@shuffletag.mil
166,Charles,Mcdonald,cmcdonald@geba.gov
167,Mary,Harvey,mharvey@edgewire.biz
168,Janet,Mendoza,jmendoza@agimba.edu
169,Justin,Morris,jmorris@gevee.com
170,Ronald,Owens,rowens@thoughtbridge.edu
171,Anthony,Rivera,arivera@yata.edu
172,Rose,Fuller,rfuller@tavu.mil
173,Joseph,Vasquez,jvasquez@topicshots.mil
174,Carlos,Boyd,cboyd@realmix.org
175,Denise,Ramos,dramos@digitube.edu
176,Henry,Kim,hkim@vinder.org
177,Paul,Perry,pperry@blogxs.info
178,Roy,Russell,rrussell@thoughtsphere.net
179,Mildred,Lawrence,mlawrence@topicware.com
180,Phillip,George,pgeorge@npath.org
181,Steve,Kelley,skelley@zoomdog.edu
182,Adam,Williams,awilliams@quire.name
183,Pamela,Bennett,pbennett@fliptune.info
184,Scott,Romero,sromero@yodoo.mil
185,Earl,Snyder,esnyder@yakidoo.edu
186,Kenneth,Clark,kclark@kazu.com
187,Donna,Gordon,dgordon@skinix.org
188,Rose,Sanchez,rsanchez@brainbox.name
189,Joan,Payne,jpayne@oba.org
190,Eugene,Peterson,epeterson@shuffledrive.info
191,Lori,Mcdonald,lmcdonald@gabtune.info
192,Thomas,Cook,tcook@tazz.name
193,Randy,Armstrong,rarmstrong@trunyx.info
194,Daniel,Berry,dberry@demimbu.gov
195,Ruth,Morrison,rmorrison@buzzbean.name
196,Patrick,Snyder,psnyder@edgewire.info
197,Joan,Willis,jwillis@meevee.edu
198,Philip,Powell,ppowell@edgeblab.gov
199,Jack,Phillips,jphillips@nlounge.org
200,Jesse,Parker,jparker@zazio.org
